# ************************************************************
# Sequel Pro SQL dump
# Version 4541
#
# http://www.sequelpro.com/
# https://github.com/sequelpro/sequelpro
#
# Host: 192.168.1.10 (MySQL 5.7.11)
# Database: zap
# Generation Time: 2017-02-24 07:15:21 +0000
# ************************************************************


/*!40101 SET @OLD_CHARACTER_SET_CLIENT=@@CHARACTER_SET_CLIENT */;
/*!40101 SET @OLD_CHARACTER_SET_RESULTS=@@CHARACTER_SET_RESULTS */;
/*!40101 SET @OLD_COLLATION_CONNECTION=@@COLLATION_CONNECTION */;
/*!40101 SET NAMES utf8 */;
/*!40014 SET @OLD_FOREIGN_KEY_CHECKS=@@FOREIGN_KEY_CHECKS, FOREIGN_KEY_CHECKS=0 */;
/*!40101 SET @OLD_SQL_MODE=@@SQL_MODE, SQL_MODE='NO_AUTO_VALUE_ON_ZERO' */;
/*!40111 SET @OLD_SQL_NOTES=@@SQL_NOTES, SQL_NOTES=0 */;


# Dump of table admin
# ------------------------------------------------------------

DROP TABLE IF EXISTS `admin`;

CREATE TABLE `admin` (
  `admin_id` smallint(5) unsigned NOT NULL AUTO_INCREMENT COMMENT '用户id',
  `user_name` varchar(60) NOT NULL DEFAULT '' COMMENT '用户名',
  `email` varchar(60) NOT NULL DEFAULT '' COMMENT 'email',
  `password` varchar(32) NOT NULL DEFAULT '' COMMENT '密码',
  `ec_salt` varchar(10) DEFAULT NULL COMMENT '秘钥',
  `add_time` int(11) NOT NULL DEFAULT '0' COMMENT '添加时间',
  `last_login` int(11) NOT NULL DEFAULT '0' COMMENT '最后登录时间',
  `last_ip` varchar(15) NOT NULL DEFAULT '' COMMENT '最后登录ip',
  `nav_list` text NOT NULL COMMENT '权限',
  `lang_type` varchar(50) NOT NULL DEFAULT '' COMMENT 'lang_type',
  `agency_id` smallint(5) unsigned NOT NULL COMMENT 'agency_id',
  `suppliers_id` smallint(5) unsigned DEFAULT '0' COMMENT 'suppliers_id',
  `todolist` longtext COMMENT 'todolist',
  `role_id` smallint(5) DEFAULT NULL COMMENT '角色id',
  PRIMARY KEY (`admin_id`),
  KEY `user_name` (`user_name`) USING BTREE,
  KEY `agency_id` (`agency_id`) USING BTREE
) ENGINE=InnoDB DEFAULT CHARSET=utf8;

LOCK TABLES `admin` WRITE;
/*!40000 ALTER TABLE `admin` DISABLE KEYS */;

INSERT INTO `admin` (`admin_id`, `user_name`, `email`, `password`, `ec_salt`, `add_time`, `last_login`, `last_ip`, `nav_list`, `lang_type`, `agency_id`, `suppliers_id`, `todolist`, `role_id`)
VALUES
	(1,'admin','','2dbd3028f03f41d57ebdb396055463ef',NULL,1474264847,1487659949,'183.140.195.174','','',0,1,NULL,1),
	(2,'bjgonghuo1','bj@163.com','519475228fe35ad067744465c42a19b2',NULL,1245044099,0,'','商品列表|goods.php?act=list,订单列表|order.php?act=list,用户评论|comment_manage.php?act=list,会员列表|users.php?act=list,商店设置|shop_config.php?act=list_edit','',0,0,'',2),
	(3,'shhaigonghuo1','shanghai@163.com','4146fecce77907d264f6bd873f4ea27b',NULL,1245044202,0,'','商品列表|goods.php?act=list,订单列表|order.php?act=list,用户评论|comment_manage.php?act=list,会员列表|users.php?act=list,商店设置|shop_config.php?act=list_edit','',0,0,'',2),
	(4,'wyp001','wyp001@126.com','519475228fe35ad067744465c42a19b2',NULL,1456542538,0,'','','',0,0,NULL,2),
	(5,'dengyunrui','dengyunrui@qq.com','667ae4b6e626a668fd5e083cead7ef66',NULL,1472610878,1473055070,'183.14.137.252','','',0,0,NULL,2),
	(6,'wangdge','wangdge@163.com','519475228fe35ad067744465c42a19b2',NULL,1479275837,0,'','','',0,0,NULL,4),
	(7,'ld','','e3ceb5881a0a1fdaad01296d7554868d',NULL,0,1487901821,'::1','','',0,0,NULL,1);

/*!40000 ALTER TABLE `admin` ENABLE KEYS */;
UNLOCK TABLES;


# Dump of table admin_log
# ------------------------------------------------------------

DROP TABLE IF EXISTS `admin_log`;

CREATE TABLE `admin_log` (
  `log_id` bigint(16) unsigned NOT NULL AUTO_INCREMENT COMMENT '表id',
  `admin_id` int(10) DEFAULT NULL COMMENT '管理员id',
  `log_info` varchar(255) DEFAULT NULL COMMENT '日志描述',
  `log_ip` varchar(30) DEFAULT NULL COMMENT 'ip地址',
  `log_url` varchar(50) DEFAULT NULL COMMENT 'url',
  `log_time` int(10) DEFAULT NULL COMMENT '日志时间',
  PRIMARY KEY (`log_id`)
) ENGINE=InnoDB DEFAULT CHARSET=utf8;

LOCK TABLES `admin_log` WRITE;
/*!40000 ALTER TABLE `admin_log` DISABLE KEYS */;

INSERT INTO `admin_log` (`log_id`, `admin_id`, `log_info`, `log_ip`, `log_url`, `log_time`)
VALUES
	(616,1,'后台登录','192.168.1.110','/index.php/Admin/Admin/login',1480046544),
	(617,1,'后台登录','192.168.1.110','/index.php/Admin/Admin/login',1480067151),
	(618,1,'后台登录','192.168.1.110','/index.php/Admin/Admin/login',1480069557),
	(619,1,'后台登录','::1','/index.php/Admin/Admin/login',1480069671),
	(620,1,'后台登录','127.0.0.1','/index.php/Admin/Admin/login',1480072249),
	(621,1,'后台登录','127.0.0.1','/index.php/Admin/Admin/login',1480072551),
	(622,1,'发放1张代金券10块','::1','/index.php/Admin/Coupon/send_coupon',1480075689),
	(623,1,'发放1张订单满100优惠券','::1','/index.php/Admin/Coupon/send_coupon',1480075712),
	(624,1,'后台登录','127.0.0.1','/index.php/Admin/Admin/login',1480081843),
	(625,1,'后台登录','127.0.0.1','/index.php/Admin/Admin/login',1480081897),
	(626,1,'后台登录','192.168.1.110','/index.php/Admin/Admin/login',1480082473),
	(627,1,'后台登录','183.204.131.30','/index.php/Admin/Admin/login',1480086541),
	(628,1,'后台登录','183.204.131.30','/index.php/Admin/Admin/login',1480087098),
	(629,1,'后台登录','127.0.0.1','/index.php/Admin/Admin/login',1480087215),
	(630,1,'后台登录','192.168.1.137','/index.php/Admin/Admin/login',1480088717),
	(631,1,'后台登录','192.168.1.138','/index.php/Admin/Admin/login',1480089133),
	(632,1,'后台登录','218.109.13.85','/index.php/Admin/Admin/login',1480089164),
	(633,1,'后台登录','183.204.131.30','/index.php/Admin/Admin/login',1480094483),
	(634,1,'后台登录','183.141.176.191','/index.php/Admin/Admin/login',1480134732),
	(635,1,'后台登录','183.141.184.129','/index.php/Admin/Admin/login',1480309880),
	(636,1,'后台登录','218.109.13.85','/index.php/Admin/Admin/login',1480314629),
	(637,1,'后台登录','::1','/index.php/Admin/Admin/login',1480316010),
	(638,1,'后台登录','183.141.180.154','/index.php/Admin/Admin/login',1480381812),
	(639,1,'后台登录','183.141.180.154','/index.php/Admin/Admin/login',1480385749),
	(640,1,'后台登录','183.141.180.154','/index.php/Admin/Admin/login',1480386010),
	(641,1,'后台登录','183.141.180.154','/index.php/Admin/Admin/login',1480386233),
	(642,1,'后台登录','::1','/index.php/Admin/Admin/login',1480387718),
	(643,1,'后台登录','106.187.42.127','/index.php/Admin/Admin/login',1480394289),
	(644,1,'后台登录','183.141.180.154','/index.php/Admin/Admin/login',1480395909),
	(645,1,'后台登录','183.141.180.154','/index.php/Admin/Admin/login',1480402767),
	(646,1,'管理员修改了商品促销 开业大典','::1','/index.php/Admin/Promotion/prom_goods_save',1480408337),
	(647,1,'管理员修改了商品促销 dsd','::1','/index.php/Admin/Promotion/prom_goods_save',1480408515),
	(648,1,'管理员修改了商品促销 dsd','::1','/index.php/Admin/Promotion/prom_goods_save',1480408545),
	(649,1,'后台登录','183.141.180.154','/index.php/Admin/Admin/login',1480408704),
	(650,1,'后台登录','192.168.1.110','/index.php/Admin/Admin/login',1480411887),
	(651,1,'后台登录','::1','/index.php/Admin/Admin/login',1480474139),
	(652,1,'后台登录','122.231.70.166','/index.php/Admin/Admin/login',1480475779),
	(653,1,'后台登录','192.168.1.134','/index.php/Admin/Admin/login',1480483447),
	(654,1,'后台登录','218.109.13.85','/index.php/Admin/Admin/login',1480489222),
	(655,1,'后台登录','122.231.75.23','/index.php/Admin/Admin/login',1480556885),
	(656,1,'后台登录','218.109.13.85','/index.php/Admin/Admin/login',1480559238),
	(657,1,'管理员添加抢购活动 ','::1','/index.php/Admin/Promotion/flash_sale_info',1480567680),
	(658,1,'管理员添加抢购活动 ','::1','/index.php/Admin/Promotion/flash_sale_info',1480572148),
	(659,1,'后台登录','::1','/index.php/Admin/Admin/login',1480641504),
	(660,1,'后台登录','192.168.1.107','/index.php/Admin/Admin/login',1480657033),
	(661,1,'后台登录','::1','/index.php/Admin/Admin/login',1480660437),
	(662,1,'后台登录','183.141.180.85','/index.php/Admin/Admin/login',1480660660),
	(663,1,'后台登录','::1','/index.php/Admin/Admin/login',1480665075),
	(664,1,'后台登录','218.109.13.85','/index.php/Admin/Admin/login',1480666153),
	(665,1,'后台登录','::1','/index.php/Admin/Admin/login',1480667537),
	(666,1,'后台登录','::1','/index.php/Admin/Admin/login',1480670065),
	(667,1,'后台登录','127.0.0.1','/index.php/Admin/Admin/login',1480729041),
	(668,1,'后台登录','122.231.71.39','/index.php/Admin/Admin/login',1480901433),
	(669,1,'后台登录','192.168.1.110','/index.php/Admin/Admin/login',1480904623),
	(670,1,'后台登录','127.0.0.1','/index.php/Admin/Admin/login',1480906898),
	(671,1,'后台登录','::1','/index.php/Admin/Admin/login',1480907051),
	(672,1,'管理员修改了商品促销 开业大典','122.231.71.39','/index.php/Admin/Promotion/prom_goods_save',1480909173),
	(673,1,'管理员修改了商品促销 开业大典','122.231.71.39','/index.php/Admin/Promotion/prom_goods_save',1480909265),
	(674,1,'管理员修改了商品促销 dsd','122.231.71.39','/index.php/Admin/Promotion/prom_goods_save',1480909474),
	(675,1,'管理员修改了商品促销 dsd','122.231.71.39','/index.php/Admin/Promotion/prom_goods_save',1480909575),
	(676,1,'管理员修改了商品促销 dsd','122.231.71.39','/index.php/Admin/Promotion/prom_goods_save',1480909620),
	(677,1,'管理员修改了商品促销 dsd','122.231.71.39','/index.php/Admin/Promotion/prom_goods_save',1480909755),
	(678,1,'管理员修改了商品促销 dsd','122.231.71.39','/index.php/Admin/Promotion/prom_goods_save',1480909823),
	(679,1,'管理员修改了商品促销 dsd','122.231.71.39','/index.php/Admin/Promotion/prom_goods_save',1480910079),
	(680,1,'管理员修改了商品促销 订单满20送代金券5元','122.231.71.39','/index.php/Admin/Promotion/prom_order_save',1480914113),
	(681,1,'管理员修改了商品促销 满额打折活动','122.231.71.39','/index.php/Admin/Promotion/prom_order_save',1480914184),
	(682,1,'管理员修改了商品促销 订单满20送代金券5元','122.231.71.39','/index.php/Admin/Promotion/prom_order_save',1480914201),
	(683,1,'管理员添加抢购活动 ','127.0.0.1','/index.php/Admin/Promotion/flash_sale_info',1480927005),
	(684,1,'管理员添加了商品促销 dazhe','127.0.0.1','/index.php/Admin/Promotion/prom_goods_save',1480928614),
	(685,1,'后台登录','192.168.1.123','/index.php/Admin/Admin/login',1480930272),
	(686,1,'管理员添加抢购活动 ','127.0.0.1','/index.php/Admin/Promotion/flash_sale_info',1480931226),
	(687,1,'后台登录','218.109.13.85','/index.php/Admin/Admin/login',1480931883),
	(688,1,'后台登录','218.109.13.85','/index.php/Admin/Admin/login',1480987591),
	(689,1,'后台登录','::1','/index.php/Admin/Admin/login',1480988293),
	(690,1,'管理员修改了商品促销 开业大典','::1','/index.php/Admin/Promotion/prom_goods_save',1480988933),
	(691,1,'管理员修改了商品促销 开业大典','::1','/index.php/Admin/Promotion/prom_goods_save',1480989003),
	(692,1,'管理员修改了商品促销 开业大典','::1','/index.php/Admin/Promotion/prom_goods_save',1480989519),
	(693,1,'管理员修改了商品促销 开业大典','::1','/index.php/Admin/Promotion/prom_goods_save',1480989527),
	(694,1,'管理员修改了商品促销 开业大典','::1','/index.php/Admin/Promotion/prom_goods_save',1480990997),
	(695,1,'后台登录','::1','/index.php/Admin/Admin/login',1480992607),
	(696,1,'管理员修改了商品促销 开业大典','::1','/index.php/Admin/Promotion/prom_goods_save',1480992881),
	(697,1,'后台登录','127.0.0.1','/index.php/Admin/Admin/login',1480993321),
	(698,1,'管理员修改了商品促销 开业大典','127.0.0.1','/index.php/Admin/Promotion/prom_goods_save',1480994591),
	(699,1,'管理员修改了商品促销 开业大典','::1','/index.php/Admin/Promotion/prom_goods_save',1480996724),
	(700,1,'管理员添加抢购活动 ','127.0.0.1','/index.php/Admin/Promotion/flash_sale_info',1481003204),
	(701,1,'管理员添加抢购活动 ','127.0.0.1','/index.php/Admin/Promotion/flash_sale_info',1481003748),
	(702,1,'后台登录','127.0.0.1','/index.php/Admin/Admin/login',1481004992),
	(703,1,'后台登录','218.109.13.85','/index.php/Admin/Admin/login',1481005190),
	(704,1,'管理员修改了商品促销 开业大典','127.0.0.1','/index.php/Admin/Promotion/prom_goods_save',1481007080),
	(705,1,'管理员修改了商品促销 开业大典','127.0.0.1','/index.php/Admin/Promotion/prom_goods_save',1481007121),
	(706,1,'管理员修改了商品促销 开业大典','127.0.0.1','/index.php/Admin/Promotion/prom_goods_save',1481007404),
	(707,1,'管理员修改了商品促销 开业大典','127.0.0.1','/index.php/Admin/Promotion/prom_goods_save',1481007518),
	(708,1,'管理员修改了商品促销 开业大典','::1','/index.php/Admin/Promotion/prom_goods_save',1481007730),
	(709,1,'后台登录','183.141.189.67','/index.php/Admin/Admin/login',1481008210),
	(710,1,'管理员添加抢购活动 ','127.0.0.1','/index.php/Admin/Promotion/flash_sale_info',1481011044),
	(711,1,'管理员添加抢购活动 ','127.0.0.1','/index.php/Admin/Promotion/flash_sale_info',1481011132),
	(712,1,'管理员添加抢购活动 ','127.0.0.1','/index.php/Admin/Promotion/flash_sale_info',1481013623),
	(713,1,'管理员修改了商品促销 dsd','::1','/index.php/Admin/Promotion/prom_goods_save',1481015604),
	(714,1,'管理员修改了商品促销 dsd','::1','/index.php/Admin/Promotion/prom_goods_save',1481015636),
	(715,1,'管理员修改了商品促销 dsd','127.0.0.1','/index.php/Admin/Promotion/prom_goods_save',1481018038),
	(716,1,'后台登录','::1','/index.php/Admin/Admin/login',1481078045),
	(717,1,'后台登录','127.0.0.1','/index.php/Admin/Admin/login',1481080600),
	(718,1,'后台登录','192.168.1.110','/index.php/Admin/Admin/login',1481086463),
	(719,1,'后台登录','192.168.1.110','/index.php/Admin/Admin/login',1481089470),
	(720,1,'管理员添加抢购活动 ','127.0.0.1','/index.php/Admin/Promotion/flash_sale_info',1481094313),
	(721,1,'管理员添加抢购活动 ','127.0.0.1','/index.php/Admin/Promotion/flash_sale_info',1481098694),
	(722,1,'管理员修改了商品促销 dsd','127.0.0.1','/index.php/Admin/Promotion/prom_goods_save',1481100654),
	(723,1,'管理员修改了商品促销 dsd','127.0.0.1','/index.php/Admin/Promotion/prom_goods_save',1481100772),
	(724,1,'管理员修改了商品促销 dsd','127.0.0.1','/index.php/Admin/Promotion/prom_goods_save',1481100859),
	(725,1,'管理员修改了商品促销 dazhe','127.0.0.1','/index.php/Admin/Promotion/prom_goods_save',1481100980),
	(726,1,'管理员修改了商品促销 dazhe','127.0.0.1','/index.php/Admin/Promotion/prom_goods_save',1481100994),
	(727,1,'管理员添加抢购活动 ','127.0.0.1','/index.php/Admin/Promotion/flash_sale_info',1481103424),
	(728,1,'管理员修改了商品促销 dsd','127.0.0.1','/index.php/Admin/Promotion/prom_goods_save',1481110999),
	(729,1,'管理员添加了商品促销 固定金额出售','127.0.0.1','/index.php/Admin/Promotion/prom_goods_save',1481111591),
	(730,1,'后台登录','60.163.15.210','/index.php/Admin/Admin/login',1481161220),
	(731,1,'后台登录','127.0.0.1','/index.php/Admin/Admin/login',1481161919),
	(732,1,'管理员修改了商品促销 dsd','127.0.0.1','/index.php/Admin/Promotion/prom_goods_save',1481163076),
	(733,1,'管理员修改了商品促销 固定金额出售','127.0.0.1','/index.php/Admin/Promotion/prom_goods_save',1481163233),
	(734,1,'管理员修改了商品促销 dsd','127.0.0.1','/index.php/Admin/Promotion/prom_goods_save',1481163986),
	(735,1,'管理员修改了商品促销 固定金额出售','127.0.0.1','/index.php/Admin/Promotion/prom_goods_save',1481164087),
	(736,1,'管理员修改了商品促销 dsd','127.0.0.1','/index.php/Admin/Promotion/prom_goods_save',1481164170),
	(737,1,'后台登录','60.163.15.210','/index.php/Admin/Admin/login',1481165441),
	(738,1,'管理员修改了商品促销 dazhe','127.0.0.1','/index.php/Admin/Promotion/prom_goods_save',1481168059),
	(739,1,'后台登录','::1','/index.php/Admin/Admin/login',1481174622),
	(740,1,'管理员修改了商品促销 dsd','::1','/index.php/Admin/Promotion/prom_goods_save',1481174942),
	(741,1,'管理员修改了商品促销 dsd','::1','/index.php/Admin/Promotion/prom_goods_save',1481174967),
	(742,1,'管理员修改了商品促销 dazhe','::1','/index.php/Admin/Promotion/prom_goods_save',1481174989),
	(743,1,'管理员修改了商品促销 固定金额出售','::1','/index.php/Admin/Promotion/prom_goods_save',1481175010),
	(744,1,'后台登录','127.0.0.1','/index.php/Admin/Admin/login',1481175776),
	(745,1,'后台登录','127.0.0.1','/index.php/Admin/Admin/login',1481177525),
	(746,1,'后台登录','60.163.15.210','/index.php/Admin/Admin/login',1481179329),
	(747,1,'管理员修改了商品促销 dsd','127.0.0.1','/index.php/Admin/Promotion/prom_goods_save',1481181915),
	(748,1,'管理员修改了商品促销 dsd','127.0.0.1','/index.php/Admin/Promotion/prom_goods_save',1481182900),
	(749,1,'管理员修改了商品促销 dsd','127.0.0.1','/index.php/Admin/Promotion/prom_goods_save',1481183455),
	(750,1,'管理员修改了商品促销 满100立减60','60.163.15.210','/index.php/Admin/Promotion/prom_goods_save',1481183483),
	(751,1,'管理员修改了商品促销 满100立减60','60.163.15.210','/index.php/Admin/Promotion/prom_goods_save',1481183725),
	(752,1,'后台登录','127.0.0.1','/index.php/Admin/Admin/login',1481246810),
	(753,1,'后台登录','60.163.15.84','/index.php/Admin/Admin/login',1481247101),
	(754,1,'后台登录','60.163.15.84','/index.php/Admin/Admin/login',1481247365),
	(755,1,'管理员修改了商品促销 满额打折活动','60.163.15.84','/index.php/Admin/Promotion/prom_order_save',1481251979),
	(756,1,'后台登录','127.0.0.1','/index.php/Admin/Admin/login',1481252093),
	(757,1,'后台登录','60.163.15.84','/index.php/Admin/Admin/login',1481261948),
	(758,1,'管理员修改了商品促销 限时9折','60.163.15.84','/index.php/Admin/Promotion/prom_goods_save',1481265352),
	(759,1,'管理员修改了商品促销 订单满20送代金券5元','60.163.15.84','/index.php/Admin/Promotion/prom_order_save',1481271495),
	(760,1,'管理员添加了商品促销 减价优惠','127.0.0.1','/index.php/Admin/Promotion/prom_goods_save',1481272456),
	(761,1,'管理员修改了商品促销 减价优惠','127.0.0.1','/index.php/Admin/Promotion/prom_goods_save',1481272480),
	(762,1,'管理员修改了商品促销 满100立减60','127.0.0.1','/index.php/Admin/Promotion/prom_goods_save',1481276971),
	(763,1,'后台登录','218.108.209.64','/index.php/Admin/Admin/login',1481281260),
	(764,1,'后台登录','192.168.1.116','/index.php/Admin/Admin/login',1481284019),
	(765,1,'后台登录','183.141.185.190','/index.php/Admin/Admin/login',1481332929),
	(766,1,'后台登录','127.0.0.1','/index.php/Admin/Admin/login',1481507235),
	(767,1,'管理员修改了商品促销 订单满20送代金券5元','127.0.0.1','/index.php/Admin/Promotion/prom_order_save',1481512691),
	(768,1,'管理员修改了商品促销 满额打折活动','127.0.0.1','/index.php/Admin/Promotion/prom_order_save',1481512873),
	(769,1,'管理员修改了商品促销 订单满20送代金券5元','127.0.0.1','/index.php/Admin/Promotion/prom_order_save',1481512925),
	(770,1,'后台登录','127.0.0.1','/index.php/Admin/Admin/login',1481520359),
	(771,1,'后台登录','127.0.0.1','/index.php/Admin/Admin/login',1481521687),
	(772,1,'后台登录','192.168.1.130','/index.php/Admin/Admin/login',1481528732),
	(773,1,'管理员修改了商品促销 订单满20送代金券5元','127.0.0.1','/index.php/Admin/Promotion/prom_order_save',1481531772),
	(774,1,'管理员修改了商品促销 订单满20送代金券5元','127.0.0.1','/index.php/Admin/Promotion/prom_order_save',1481531874),
	(775,1,'管理员修改了商品促销 订单满20送代金券5元','127.0.0.1','/index.php/Admin/Promotion/prom_order_save',1481535791),
	(776,1,'管理员修改了商品促销 满额打折活动','127.0.0.1','/index.php/Admin/Promotion/prom_order_save',1481542276),
	(777,1,'管理员修改了商品促销 满额打折活动','127.0.0.1','/index.php/Admin/Promotion/prom_order_save',1481543527),
	(778,1,'管理员修改了商品促销 满额打折活动','127.0.0.1','/index.php/Admin/Promotion/prom_order_save',1481543897),
	(779,1,'后台登录','127.0.0.1','/index.php/Admin/Admin/login',1481598435),
	(780,1,'管理员修改了商品促销 满额打折活动','127.0.0.1','/index.php/Admin/Promotion/prom_order_save',1481599599),
	(781,1,'管理员添加了商品促销 manz','127.0.0.1','/index.php/Admin/Promotion/prom_order_save',1481599671),
	(782,1,'管理员修改了商品促销 manz','127.0.0.1','/index.php/Admin/Promotion/prom_order_save',1481600361),
	(783,1,'管理员修改了商品促销 满额打折活动','127.0.0.1','/index.php/Admin/Promotion/prom_order_save',1481600382),
	(784,1,'管理员修改了商品促销 满额打折活动','127.0.0.1','/index.php/Admin/Promotion/prom_order_save',1481603630),
	(785,1,'管理员修改了商品促销 manz','127.0.0.1','/index.php/Admin/Promotion/prom_order_save',1481604276),
	(786,1,'管理员修改了商品促销 manz','127.0.0.1','/index.php/Admin/Promotion/prom_order_save',1481604347),
	(787,1,'管理员修改了商品促销 订单满20送代金券5元','127.0.0.1','/index.php/Admin/Promotion/prom_order_save',1481604408),
	(788,1,'管理员修改了商品促销 订单满20送代金券5元','127.0.0.1','/index.php/Admin/Promotion/prom_order_save',1481604435),
	(789,1,'管理员修改了商品促销 订单满20送代金券5元','127.0.0.1','/index.php/Admin/Promotion/prom_order_save',1481604554),
	(790,1,'管理员修改了商品促销 订单满20送代金券5元','127.0.0.1','/index.php/Admin/Promotion/prom_order_save',1481604848),
	(791,1,'管理员修改了商品促销 满额打折活动','127.0.0.1','/index.php/Admin/Promotion/prom_order_save',1481605479),
	(792,1,'管理员修改了商品促销 满额打折活动','127.0.0.1','/index.php/Admin/Promotion/prom_order_save',1481605500),
	(793,1,'管理员修改了商品促销 manz','127.0.0.1','/index.php/Admin/Promotion/prom_order_save',1481605510),
	(794,1,'管理员修改了商品促销 manz','127.0.0.1','/index.php/Admin/Promotion/prom_order_save',1481605528),
	(795,1,'管理员修改了商品促销 订单满20送代金券5元','127.0.0.1','/index.php/Admin/Promotion/prom_order_save',1481617477),
	(796,1,'管理员修改了商品促销 订单满20送代金券5元','127.0.0.1','/index.php/Admin/Promotion/prom_order_save',1481620938),
	(797,1,'管理员修改了商品促销 订单满20送代金券5元','127.0.0.1','/index.php/Admin/Promotion/prom_order_save',1481621716),
	(798,1,'管理员修改了商品促销 满额打折活动','127.0.0.1','/index.php/Admin/Promotion/prom_order_save',1481621775),
	(799,1,'管理员修改了商品促销 满额打折活动','127.0.0.1','/index.php/Admin/Promotion/prom_order_save',1481621815),
	(800,1,'管理员修改了商品促销 manz','127.0.0.1','/index.php/Admin/Promotion/prom_order_save',1481621857),
	(801,1,'管理员修改了商品促销 manz','127.0.0.1','/index.php/Admin/Promotion/prom_order_save',1481622023),
	(802,1,'管理员修改了商品促销 manz','127.0.0.1','/index.php/Admin/Promotion/prom_order_save',1481622155),
	(803,1,'管理员修改了商品促销 manz','127.0.0.1','/index.php/Admin/Promotion/prom_order_save',1481622875),
	(804,1,'管理员修改了商品促销 满额打折活动','127.0.0.1','/index.php/Admin/Promotion/prom_order_save',1481622893),
	(805,1,'管理员修改了商品促销 满额打折活动','127.0.0.1','/index.php/Admin/Promotion/prom_order_save',1481623062),
	(806,1,'管理员修改了商品促销 manz','127.0.0.1','/index.php/Admin/Promotion/prom_order_save',1481623070),
	(807,1,'管理员修改了商品促销 manz','127.0.0.1','/index.php/Admin/Promotion/prom_order_save',1481623286),
	(808,1,'管理员修改了商品促销 manz','127.0.0.1','/index.php/Admin/Promotion/prom_order_save',1481623296),
	(809,1,'管理员修改了商品促销 manz','127.0.0.1','/index.php/Admin/Promotion/prom_order_save',1481627823),
	(810,1,'后台登录','122.231.78.129','/index.php/Admin/Admin/login',1481686642),
	(811,1,'后台登录','127.0.0.1','/index.php/Admin/Admin/login',1481687083),
	(812,1,'管理员修改了商品促销 manz','127.0.0.1','/index.php/Admin/Promotion/prom_order_save',1481688026),
	(813,1,'管理员修改了商品促销 订单满20送代金券5元','127.0.0.1','/index.php/Admin/Promotion/prom_order_save',1481688099),
	(814,1,'后台登录','122.231.78.129','/index.php/Admin/Admin/login',1481691560),
	(815,1,'后台登录','122.231.78.129','/index.php/Admin/Admin/login',1481693458),
	(816,1,'后台登录','::1','/index.php/Admin/Admin/login',1481698632),
	(817,1,'后台登录','127.0.0.1','/index.php/Admin/Admin/login',1481765178),
	(818,1,'后台登录','218.108.209.64','/index.php/Admin/Admin/login',1481769718),
	(819,1,'后台登录','218.108.209.64','/index.php/Admin/Admin/login',1481771259),
	(820,1,'后台登录','218.108.209.64','/index.php/Admin/Admin/login',1481777473),
	(821,1,'后台登录','183.141.188.161','/index.php/Admin/Admin/login',1481781877),
	(822,1,'后台登录','183.141.188.161','/index.php/Admin/Admin/login',1481782206),
	(823,1,'后台登录','127.0.0.1','/index.php/Admin/Admin/login',1481802892),
	(824,1,'后台登录','127.0.0.1','/index.php/Admin/Admin/login',1481852435),
	(825,1,'后台登录','112.10.26.46','/index.php/Admin/Admin/login',1481853508),
	(826,1,'管理员添加抢购活动 ','112.10.26.46','/index.php/Admin/Promotion/flash_sale_info',1481854159),
	(827,1,'后台登录','218.108.209.64','/index.php/Admin/Admin/login',1481854577),
	(828,1,'后台登录','127.0.0.1','/index.php/Admin/Admin/login',1481859562),
	(829,1,'后台登录','122.231.72.242','/index.php/Admin/Admin/login',1481869802),
	(830,1,'管理员修改了商品促销 满额赠5元优惠券','122.231.72.242','/index.php/Admin/Promotion/prom_goods_save',1481870527),
	(831,1,'管理员修改了商品促销 买就赠5元优惠券','122.231.72.242','/index.php/Admin/Promotion/prom_goods_save',1481870768),
	(832,1,'后台登录','218.108.209.64','/index.php/Admin/Admin/login',1481874227),
	(833,1,'后台登录','::1','/index.php/Admin/Admin/login',1481955642),
	(834,1,'后台登录','127.0.0.1','/index.php/Admin/Admin/login',1482110058),
	(835,1,'后台登录','183.141.184.218','/index.php/Admin/Admin/login',1482113984),
	(836,1,'管理员添加抢购活动 ','127.0.0.1','/index.php/Admin/Promotion/flash_sale_info',1482126050),
	(837,1,'后台登录','127.0.0.1','/index.php/Admin/Admin/login',1482145768),
	(838,1,'后台登录','183.141.178.71','/index.php/Admin/Admin/login',1482198664),
	(839,1,'后台登录','::1','/index.php/Admin/Admin/login',1482199833),
	(840,1,'管理员修改了商品促销 订单满20送代金券5元','183.141.178.71','/index.php/Admin/Promotion/prom_order_save',1482203773),
	(841,1,'管理员修改了商品促销 订单满20送代金券5元','183.141.178.71','/index.php/Admin/Promotion/prom_order_save',1482203786),
	(842,1,'后台登录','::1','/index.php/Admin/Admin/login',1482228512),
	(843,1,'后台登录','127.0.0.1','/index.php/Admin/Admin/login',1482286695),
	(844,1,'后台登录','127.0.0.1','/index.php/Admin/Admin/login',1482303186),
	(845,1,'后台登录','127.0.0.1','/index.php/Admin/Admin/login',1482310360),
	(846,1,'后台登录','::1','/index.php/Admin/Admin/login',1482386393),
	(847,1,'后台登录','218.108.209.64','/index.php/Admin/Admin/login',1482386551),
	(848,1,'后台登录','127.0.0.1','/index.php/Admin/Admin/login',1482386686),
	(849,1,'后台登录','218.108.209.64','/index.php/Admin/Admin/login',1482388051),
	(850,1,'管理员修改了商品促销 订单满20送代金券5元','218.108.209.64','/index.php/Admin/Promotion/prom_order_save',1482388270),
	(851,1,'后台登录','218.108.209.64','/index.php/Admin/Admin/login',1482389737),
	(852,1,'后台登录','218.108.209.64','/index.php/Admin/Admin/login',1482397889),
	(853,1,'后台登录','127.0.0.1','/index.php/Admin/Admin/login',1482398443),
	(854,1,'后台登录','127.0.0.1','/index.php/Admin/Admin/login',1482412042),
	(855,1,'后台登录','218.108.209.64','/index.php/Admin/Admin/login',1482412375),
	(856,1,'后台登录','117.62.149.93','/index.php/Admin/Admin/login',1482413524),
	(857,1,'管理员修改了商品促销 买就赠5元优惠券','218.108.209.64','/index.php/Admin/Promotion/prom_goods_save',1482415339),
	(858,1,'管理员修改了商品促销 满100立减60','218.108.209.64','/index.php/Admin/Promotion/prom_goods_save',1482415351),
	(859,1,'管理员修改了商品促销 限时9折','218.108.209.64','/index.php/Admin/Promotion/prom_goods_save',1482415363),
	(860,1,'管理员修改了商品促销 减价优惠','218.108.209.64','/index.php/Admin/Promotion/prom_goods_save',1482415376),
	(861,1,'管理员修改了商品促销 固定金额出售','218.108.209.64','/index.php/Admin/Promotion/prom_goods_save',1482415388),
	(862,1,'管理员修改了商品促销 减价优惠','218.108.209.64','/index.php/Admin/Promotion/prom_goods_save',1482415399),
	(863,1,'管理员修改了商品促销 买就赠5元优惠券','218.108.209.64','/index.php/Admin/Promotion/prom_goods_save',1482415808),
	(864,1,'后台登录','218.108.209.64','/index.php/Admin/Admin/login',1482462164),
	(865,1,'后台登录','218.108.209.64','/index.php/Admin/Admin/login',1482715133),
	(866,1,'后台登录','218.108.209.64','/index.php/Admin/Admin/login',1482715545),
	(867,1,'后台登录','218.108.209.64','/index.php/Admin/Admin/login',1482715849),
	(868,1,'后台登录','218.108.209.64','/index.php/Admin/Admin/login',1482716019),
	(869,1,'后台登录','218.108.209.64','/index.php/Admin/Admin/login',1482716118),
	(870,1,'后台登录','127.0.0.1','/index.php/Admin/Admin/login',1482717054),
	(871,1,'后台登录','218.108.209.64','/index.php/Admin/Admin/login',1482722294),
	(872,1,'管理员修改了商品促销 减价优惠','218.108.209.64','/index.php/Admin/Promotion/prom_goods_save',1482722326),
	(873,1,'管理员修改了商品促销 固定金额出售','218.108.209.64','/index.php/Admin/Promotion/prom_goods_save',1482722343),
	(874,1,'管理员修改了商品促销 满100立减60','218.108.209.64','/index.php/Admin/Promotion/prom_goods_save',1482722361),
	(875,1,'管理员修改了商品促销 买就赠5元优惠券','218.108.209.64','/index.php/Admin/Promotion/prom_goods_save',1482722396),
	(876,1,'后台登录','218.108.209.64','/index.php/Admin/Admin/login',1482722583),
	(877,1,'后台登录','183.141.180.233','/index.php/Admin/Admin/login',1482890325),
	(878,1,'后台登录','183.141.180.233','/index.php/Admin/Admin/login',1482891032),
	(879,1,'后台登录','218.108.209.64','/index.php/Admin/Admin/login',1482915864),
	(880,1,'后台登录','218.108.209.64','/index.php/Admin/Admin/login',1482916228),
	(881,1,'后台登录','218.108.209.64','/index.php/Admin/Admin/login',1482916677),
	(882,1,'后台登录','218.108.209.64','/index.php/Admin/Admin/login',1482916812),
	(883,1,'后台登录','218.108.209.64','/index.php/Admin/Admin/login',1482998673),
	(884,1,'后台登录','127.0.0.1','/index.php/Admin/Admin/login',1483004003),
	(885,1,'后台登录','218.108.209.64','/index.php/Admin/Admin/login',1483005350),
	(886,1,'后台登录','127.0.0.1','/index.php/Admin/Admin/login',1483060608),
	(887,1,'后台登录','218.108.209.64','/index.php/Admin/Admin/login',1483061990),
	(888,1,'管理员添加抢购活动 ','127.0.0.1','/index.php/Admin/Promotion/flash_sale_info',1483063847),
	(889,1,'后台登录','183.141.190.25','/index.php/Admin/Admin/login',1483063982),
	(890,1,'管理员修改了商品促销 固定金额出售','127.0.0.1','/index.php/Admin/Promotion/prom_goods_save',1483064948),
	(891,1,'管理员修改了商品促销 固定金额出售','127.0.0.1','/index.php/Admin/Promotion/prom_goods_save',1483065098),
	(892,1,'管理员修改了商品促销 固定金额出售','127.0.0.1','/index.php/Admin/Promotion/prom_goods_save',1483065191),
	(893,1,'管理员修改了商品促销 减价优惠','127.0.0.1','/index.php/Admin/Promotion/prom_goods_save',1483065241),
	(894,1,'管理员修改了商品促销 减价优惠','127.0.0.1','/index.php/Admin/Promotion/prom_goods_save',1483065273),
	(895,1,'管理员添加了商品促销 打折','127.0.0.1','/index.php/Admin/Promotion/prom_goods_save',1483065383),
	(896,1,'管理员添加抢购活动 ','218.108.209.64','/index.php/Admin/Promotion/flash_sale_info',1483066318),
	(897,1,'管理员添加了商品促销 12112','218.108.209.64','/index.php/Admin/Promotion/prom_goods_save',1483066392),
	(898,1,'管理员修改了商品促销 12112','218.108.209.64','/index.php/Admin/Promotion/prom_goods_save',1483066450),
	(899,1,'管理员修改了商品促销 12112','218.108.209.64','/index.php/Admin/Promotion/prom_goods_save',1483066503),
	(900,1,'管理员修改了商品促销 12112','218.108.209.64','/index.php/Admin/Promotion/prom_goods_save',1483066563),
	(901,1,'管理员添加了商品促销 12','218.108.209.64','/index.php/Admin/Promotion/prom_goods_save',1483068428),
	(902,1,'管理员修改了商品促销 满100立减60','218.108.209.64','/index.php/Admin/Promotion/prom_goods_save',1483068539),
	(903,1,'后台登录','127.0.0.1','/index.php/Admin/Admin/login',1483406244),
	(904,1,'后台登录','218.108.209.64','/index.php/Admin/Admin/login',1483406331),
	(905,1,'后台登录','218.108.209.64','/index.php/Admin/Admin/login',1483430289),
	(906,1,'后台登录','115.229.115.85','/index.php/Admin/Admin/login',1483498056),
	(907,1,'后台登录','218.108.209.64','/index.php/Admin/Admin/login',1483673748),
	(908,1,'后台登录','218.108.209.64','/index.php/Admin/Admin/login',1483682165),
	(909,1,'后台登录','127.0.0.1','/index.php/Admin/Admin/login',1483682630),
	(910,1,'管理员修改了商品促销 买就赠5元优惠券','127.0.0.1','/index.php/Admin/Promotion/prom_goods_save',1483683864),
	(911,1,'管理员修改了商品促销 买就赠5元优惠券','127.0.0.1','/index.php/Admin/Promotion/prom_goods_save',1483683926),
	(912,1,'管理员修改了商品促销 买就赠5元优惠券','127.0.0.1','/index.php/Admin/Promotion/prom_goods_save',1483683996),
	(913,1,'管理员修改了商品促销 买就赠5元优惠券','127.0.0.1','/index.php/Admin/Promotion/prom_goods_save',1483684044),
	(914,1,'管理员修改了商品促销 买就赠5元优惠券','127.0.0.1','/index.php/Admin/Promotion/prom_goods_save',1483684079),
	(915,1,'管理员修改了商品促销 买就赠5元优惠券','127.0.0.1','/index.php/Admin/Promotion/prom_goods_save',1483684130),
	(916,1,'管理员修改了商品促销 买就赠5元优惠券','127.0.0.1','/index.php/Admin/Promotion/prom_goods_save',1483685289),
	(917,1,'管理员修改了商品促销 买就赠5元优惠券','127.0.0.1','/index.php/Admin/Promotion/prom_goods_save',1483685825),
	(918,1,'管理员修改了商品促销 买就赠5元优惠券','127.0.0.1','/index.php/Admin/Promotion/prom_goods_save',1483686054),
	(919,1,'管理员修改了商品促销 满100立减60','127.0.0.1','/index.php/Admin/Promotion/prom_goods_save',1483686102),
	(920,1,'管理员修改了商品促销 满100立减60','127.0.0.1','/index.php/Admin/Promotion/prom_goods_save',1483686213),
	(921,1,'管理员修改了商品促销 固定金额出售','127.0.0.1','/index.php/Admin/Promotion/prom_goods_save',1483686248),
	(922,1,'管理员修改了商品促销 固定金额出售','127.0.0.1','/index.php/Admin/Promotion/prom_goods_save',1483686361),
	(923,1,'管理员修改了商品促销 满100立减60','127.0.0.1','/index.php/Admin/Promotion/prom_goods_save',1483686399),
	(924,1,'管理员修改了商品促销 满100立减60','127.0.0.1','/index.php/Admin/Promotion/prom_goods_save',1483687407),
	(925,1,'管理员修改了商品促销 限时9折','127.0.0.1','/index.php/Admin/Promotion/prom_goods_save',1483687459),
	(926,1,'管理员修改了商品促销 限时9折','127.0.0.1','/index.php/Admin/Promotion/prom_goods_save',1483687523),
	(927,1,'管理员修改了商品促销 限时9折','127.0.0.1','/index.php/Admin/Promotion/prom_goods_save',1483687739),
	(928,1,'管理员修改了商品促销 减价优惠','127.0.0.1','/index.php/Admin/Promotion/prom_goods_save',1483687770),
	(929,1,'管理员修改了商品促销 减价优惠','127.0.0.1','/index.php/Admin/Promotion/prom_goods_save',1483688283),
	(930,1,'管理员修改了商品促销 满100立减60','127.0.0.1','/index.php/Admin/Promotion/prom_goods_save',1483688333),
	(931,1,'后台登录','115.229.115.232','/index.php/Admin/Admin/login',1484029809),
	(932,1,'后台登录','218.108.209.64','/index.php/Admin/Admin/login',1484033351),
	(933,1,'后台登录','218.108.209.64','/index.php/Admin/Admin/login',1484040756),
	(934,1,'后台登录','115.229.117.33','/index.php/Admin/Admin/login',1484097439),
	(935,1,'后台登录','218.108.209.64','/index.php/Admin/Admin/login',1484097897),
	(936,1,'后台登录','218.108.209.64','/index.php/Admin/Admin/login',1484099761),
	(937,1,'后台登录','218.108.209.64','/index.php/Admin/Admin/login',1484100443),
	(938,1,'后台登录','115.229.117.33','/index.php/Admin/Admin/login',1484100659),
	(939,1,'后台登录','115.229.117.33','/index.php/Admin/Admin/login',1484110994),
	(940,1,'后台登录','60.163.91.179','/index.php/Admin/Admin/login',1484271661),
	(941,1,'后台登录','125.124.159.18','/index.php/Admin/Admin/login',1484294562),
	(942,1,'后台登录','218.108.209.64','/index.php/Admin/Admin/login',1484372817),
	(943,1,'后台登录','183.140.193.239','/index.php/Admin/Admin/login',1484529377),
	(944,1,'后台登录','218.108.209.64','/index.php/Admin/Admin/login',1484538036),
	(945,1,'后台登录','218.108.209.64','/index.php/Admin/Admin/login',1484546877),
	(946,1,'后台登录','183.140.193.59','/index.php/Admin/Admin/login',1484703911),
	(947,1,'后台登录','183.140.193.59','/index.php/Admin/Admin/login',1484714752),
	(948,1,'后台登录','218.108.209.64','/index.php/Admin/Admin/login',1484715981),
	(949,1,'后台登录','218.108.209.64','/index.php/Admin/Admin/login',1484720385),
	(950,1,'后台登录','218.73.96.243','/index.php/Admin/Admin/login',1484789820),
	(951,1,'后台登录','218.108.209.64','/index.php/Admin/Admin/login',1484797593),
	(952,1,'后台登录','218.108.209.64','/index.php/Admin/Admin/login',1484800212),
	(953,1,'后台登录','218.108.209.64','/index.php/Admin/Admin/login',1484801974),
	(954,1,'管理员修改了商品促销 满100立减60','218.108.209.64','/index.php/Admin/Promotion/prom_goods_save',1484802181),
	(955,1,'管理员修改了商品促销 限时9折','218.108.209.64','/index.php/Admin/Promotion/prom_goods_save',1484802189),
	(956,1,'管理员修改了商品促销 固定金额出售','218.108.209.64','/index.php/Admin/Promotion/prom_goods_save',1484802198),
	(957,1,'后台登录','218.73.96.243','/index.php/Admin/Admin/login',1484803223),
	(958,1,'后台登录','218.73.96.243','/index.php/Admin/Admin/login',1484803775),
	(959,1,'后台登录','218.73.96.243','/index.php/Admin/Admin/login',1484809137),
	(960,1,'后台登录','125.124.149.232','/index.php/Admin/Admin/login',1484875774),
	(961,1,'后台登录','60.163.154.81','/index.php/Admin/Admin/login',1484970357),
	(962,1,'后台登录','60.163.154.81','/index.php/Admin/Admin/login',1484977882),
	(963,1,'后台登录','60.163.154.81','/index.php/Admin/Admin/login',1484978211),
	(964,1,'后台登录','60.163.154.81','/index.php/Admin/Admin/login',1484978685),
	(965,1,'管理员添加抢购活动 ','60.163.154.81','/index.php/Admin/Promotion/flash_sale_info',1484980200),
	(966,1,'管理员添加抢购活动 ','60.163.154.81','/index.php/Admin/Promotion/flash_sale_info',1484980946),
	(967,1,'管理员添加抢购活动 ','60.163.154.81','/index.php/Admin/Promotion/flash_sale_info',1484981175),
	(968,1,'后台登录','218.108.209.64','/index.php/Admin/Admin/login',1484981204),
	(969,1,'后台登录','125.124.144.181','/index.php/Admin/Admin/login',1486024749),
	(970,1,'后台登录','60.163.243.172','/index.php/Admin/Admin/login',1486084567),
	(971,1,'后台登录','122.231.95.163','/index.php/Admin/Admin/login',1486185853),
	(972,1,'后台登录','112.10.26.145','/index.php/Admin/Admin/login',1486272333),
	(973,1,'后台登录','218.108.209.64','/index.php/Admin/Admin/login',1486272397),
	(974,1,'后台登录','183.207.217.156','/index.php/Admin/Admin/login',1486277768),
	(975,1,'后台登录','183.207.217.156','/index.php/Admin/Admin/login',1486277843),
	(976,1,'后台登录','125.124.144.70','/index.php/Admin/Admin/login',1486343423),
	(977,1,'后台登录','125.124.144.70','/index.php/Admin/Admin/login',1486348059),
	(978,1,'后台登录','125.124.144.70','/index.php/Admin/Admin/login',1486369653),
	(979,1,'后台登录','218.108.209.64','/index.php/Admin/Admin/login',1486370279),
	(980,1,'后台登录','125.124.144.70','/index.php/Admin/Admin/login',1486371973),
	(981,1,'后台登录','218.108.209.64','/index.php/Admin/Admin/login',1486372528),
	(982,1,'后台登录','218.108.209.64','/index.php/Admin/Admin/login',1486374060),
	(983,1,'后台登录','127.0.0.1','/index.php/Admin/Admin/login',1486430206),
	(984,1,'后台登录','218.108.209.64','/index.php/Admin/Admin/login',1486430218),
	(985,1,'后台登录','125.124.153.116','/index.php/Admin/Admin/login',1486430225),
	(986,1,'后台登录','125.124.153.116','/index.php/Admin/Admin/login',1486431363),
	(987,1,'后台登录','125.124.153.116','/index.php/Admin/Admin/login',1486436212),
	(988,1,'后台登录','125.124.153.116','/index.php/Admin/Admin/login',1486446841),
	(989,1,'后台登录','125.124.153.116','/index.php/Admin/Admin/login',1486447580),
	(990,1,'后台登录','218.108.209.64','/index.php/Admin/Admin/login',1486448732),
	(991,1,'后台登录','125.124.153.116','/index.php/Admin/Admin/login',1486450608),
	(992,1,'后台登录','127.0.0.1','/index.php/Admin/Admin/login',1486451342),
	(993,1,'后台登录','218.108.209.64','/index.php/Admin/Admin/login',1486451342),
	(994,1,'后台登录','218.108.209.64','/index.php/Admin/Admin/login',1486453865),
	(995,1,'后台登录','125.124.156.247','/index.php/Admin/Admin/login',1486516710),
	(996,1,'后台登录','125.124.156.247','/index.php/Admin/Admin/login',1486516826),
	(997,1,'后台登录','125.124.156.247','/index.php/Admin/Admin/login',1486517875),
	(998,1,'后台登录','125.124.156.247','/index.php/Admin/Admin/login',1486518620),
	(999,1,'后台登录','125.124.156.247','/index.php/Admin/Admin/login',1486518687),
	(1000,1,'后台登录','125.124.156.247','/index.php/Admin/Admin/login',1486520613),
	(1001,1,'后台登录','125.124.156.247','/index.php/Admin/Admin/login',1486522713),
	(1002,1,'后台登录','218.108.209.64','/index.php/Admin/Admin/login',1486522729),
	(1003,1,'后台登录','125.124.156.247','/index.php/Admin/Admin/login',1486533397),
	(1004,1,'后台登录','218.108.209.64','/index.php/Admin/Admin/login',1486533625),
	(1005,1,'后台登录','112.10.26.145','/index.php/Admin/Admin/login',1486535596),
	(1006,1,'后台登录','112.10.26.145','/index.php/Admin/Admin/login',1486536454),
	(1007,1,'后台登录','125.124.156.247','/index.php/Admin/Admin/login',1486539293),
	(1008,1,'后台登录','125.124.156.247','/index.php/Admin/Admin/login',1486539374),
	(1009,1,'后台登录','122.231.95.174','/index.php/Admin/Admin/login',1486603061),
	(1010,1,'后台登录','122.231.95.174','/index.php/Admin/Admin/login',1486603818),
	(1011,1,'后台登录','218.108.209.64','/index.php/Admin/Admin/login',1486619579),
	(1012,1,'后台登录','112.10.26.145','/index.php/Admin/Admin/login',1486619675),
	(1013,1,'后台登录','218.108.209.64','/index.php/Admin/Admin/login',1486619771),
	(1014,1,'后台登录','218.108.209.64','/index.php/Admin/Admin/login',1486619921),
	(1015,7,'后台登录','218.108.209.64','/index.php/Admin/Admin/login',1486620621),
	(1016,1,'后台登录','218.108.209.64','/index.php/Admin/Admin/login',1486621271),
	(1017,1,'后台登录','218.108.209.64','/index.php/Admin/Admin/login',1486621334),
	(1018,1,'后台登录','218.108.209.64','/index.php/Admin/Admin/login',1486621487),
	(1019,1,'后台登录','122.231.95.174','/index.php/Admin/Admin/login',1486623010),
	(1020,1,'管理员修改了商品促销 买就赠5元优惠券','218.108.209.64','/index.php/Admin/Promotion/prom_goods_save',1486625750),
	(1021,1,'管理员修改了商品促销 满100立减60','218.108.209.64','/index.php/Admin/Promotion/prom_goods_save',1486626062),
	(1022,1,'管理员修改了商品促销 买就赠5元优惠券','218.108.209.64','/index.php/Admin/Promotion/prom_goods_save',1486626096),
	(1023,1,'后台登录','122.231.95.174','/index.php/Admin/Admin/login',1486627543),
	(1024,1,'后台登录','112.10.26.145','/index.php/Admin/Admin/login',1486628123),
	(1025,1,'后台登录','218.108.209.64','/index.php/Admin/Admin/login',1486628733),
	(1026,1,'后台登录','218.108.209.64','/index.php/Admin/Admin/login',1486630068),
	(1027,1,'后台登录','127.0.0.1','/index.php/Admin/Admin/login',1486635280),
	(1028,1,'后台登录','60.163.155.178','/index.php/Admin/Admin/login',1486689490),
	(1029,1,'后台登录','218.108.209.64','/index.php/Admin/Admin/login',1486690407),
	(1030,1,'后台登录','60.163.155.178','/index.php/Admin/Admin/login',1486696113),
	(1031,1,'后台登录','60.163.155.178','/index.php/Admin/Admin/login',1486696159),
	(1032,1,'后台登录','60.163.155.178','/index.php/Admin/Admin/login',1486705677),
	(1033,1,'后台登录','60.163.155.178','/index.php/Admin/Admin/login',1486707073),
	(1034,1,'后台登录','60.163.155.178','/index.php/Admin/Admin/login',1486710352),
	(1035,1,'后台登录','218.108.209.64','/index.php/Admin/Admin/login',1486950374),
	(1036,1,'后台登录','218.108.209.64','/index.php/Admin/Admin/login',1486950428),
	(1037,1,'后台登录','125.124.149.245','/index.php/Admin/Admin/login',1486950512),
	(1038,1,'后台登录','127.0.0.1','/index.php/Admin/Admin/login',1486955771),
	(1039,1,'后台登录','218.108.209.64','/index.php/Admin/Admin/login',1486963358),
	(1040,1,'后台登录','218.108.209.64','/index.php/Admin/Admin/login',1486963800),
	(1041,1,'后台登录','127.0.0.1','/index.php/Admin/Admin/login',1486966383),
	(1042,1,'后台登录','127.0.0.1','/index.php/Admin/Admin/login',1486974521),
	(1043,1,'后台登录','127.0.0.1','/index.php/Admin/Admin/login',1486978640),
	(1044,1,'后台登录','127.0.0.1','/index.php/Admin/Admin/login',1486981326),
	(1045,1,'后台登录','218.73.98.28','/index.php/Admin/Admin/login',1487036017),
	(1046,1,'后台登录','218.108.209.64','/index.php/Admin/Admin/login',1487048743),
	(1047,1,'后台登录','125.124.153.51','/index.php/Admin/Admin/login',1487123494),
	(1048,1,'后台登录','125.124.153.51','/index.php/Admin/Admin/login',1487124359),
	(1049,1,'后台登录','218.109.14.63','/index.php/Admin/Admin/login',1487208757),
	(1050,1,'后台登录','218.109.14.63','/index.php/Admin/Admin/login',1487211387),
	(1051,1,'后台登录','218.73.96.24','/index.php/Admin/Admin/login',1487222923),
	(1052,1,'后台登录','218.73.96.24','/index.php/Admin/Admin/login',1487223187),
	(1053,1,'后台登录','125.124.149.129','/index.php/Admin/Admin/login',1487390330),
	(1054,1,'后台登录','218.109.14.63','/index.php/Admin/Admin/login',1487556905),
	(1055,1,'后台登录','183.140.195.174','/index.php/Admin/Admin/login',1487639607),
	(1056,1,'后台登录','218.109.14.63','/index.php/Admin/Admin/login',1487641240),
	(1057,1,'后台登录','112.10.27.206','/index.php/Admin/Admin/login',1487645590);

/*!40000 ALTER TABLE `admin_log` ENABLE KEYS */;
UNLOCK TABLES;


# Dump of table admin_role
# ------------------------------------------------------------

DROP TABLE IF EXISTS `admin_role`;

CREATE TABLE `admin_role` (
  `role_id` smallint(6) unsigned NOT NULL AUTO_INCREMENT COMMENT '角色ID',
  `role_name` varchar(30) DEFAULT NULL COMMENT '角色名称',
  `act_list` text COMMENT '权限列表',
  `role_desc` varchar(255) DEFAULT NULL COMMENT '角色描述',
  PRIMARY KEY (`role_id`)
) ENGINE=InnoDB DEFAULT CHARSET=utf8;

LOCK TABLES `admin_role` WRITE;
/*!40000 ALTER TABLE `admin_role` DISABLE KEYS */;

INSERT INTO `admin_role` (`role_id`, `role_name`, `act_list`, `role_desc`)
VALUES
	(1,'超级管理员','all','管理全站'),
	(2,'编辑','1,2,3,4,22,23,48,52,31,45,49,61,18,19,20,21,50,24,25,26,41,53,27,28,29,30,32,33,34,35,46,47','违法接口'),
	(4,'客服','','客服处理订单发货'),
	(5,'营销','24,25,26,41,51,53',''),
	(6,'运营','1,2,3,4,22,23,48,52','');

/*!40000 ALTER TABLE `admin_role` ENABLE KEYS */;
UNLOCK TABLES;


# Dump of table config
# ------------------------------------------------------------

DROP TABLE IF EXISTS `config`;

CREATE TABLE `config` (
  `id` smallint(6) unsigned NOT NULL AUTO_INCREMENT COMMENT '表id',
  `name` varchar(64) DEFAULT NULL COMMENT '配置的key键名',
  `value` varchar(512) DEFAULT NULL COMMENT '配置的val值',
  `inc_type` varchar(64) DEFAULT NULL COMMENT '配置分组',
  `desc` varchar(50) DEFAULT NULL COMMENT '描述',
  `index1` varchar(255) DEFAULT NULL,
  `index2` varchar(255) DEFAULT NULL,
  `index3` varchar(255) DEFAULT NULL,
  `index4` varchar(255) DEFAULT NULL,
  PRIMARY KEY (`id`)
) ENGINE=InnoDB DEFAULT CHARSET=utf8;

LOCK TABLES `config` WRITE;
/*!40000 ALTER TABLE `config` DISABLE KEYS */;

INSERT INTO `config` (`id`, `name`, `value`, `inc_type`, `desc`, `index1`, `index2`, `index3`, `index4`)
VALUES
	(1,'site_url','http://www.tp-shop.cn','shop_info',NULL,NULL,NULL,NULL,NULL),
	(2,'record_no','','shop_info',NULL,NULL,NULL,NULL,NULL),
	(3,'store_name','子母扣商城','shop_info',NULL,NULL,NULL,NULL,NULL),
	(4,'store_logo','/Public/images/newLogo.png','shop_info',NULL,NULL,NULL,NULL,NULL),
	(5,'store_title','子母扣','shop_info',NULL,NULL,NULL,NULL,NULL),
	(6,'store_desc','开源商城  B2C商城 B2B2C商城 三级分销 免费商城  微商城','shop_info',NULL,NULL,NULL,NULL,NULL),
	(7,'store_keyword','开源商城 B2C商城  B2B2C商城  三级分销  多用户商城  免费商城  微商城','shop_info',NULL,NULL,NULL,NULL,NULL),
	(8,'contact','','shop_info',NULL,NULL,NULL,NULL,NULL),
	(9,'phone','','shop_info',NULL,NULL,NULL,NULL,NULL),
	(10,'address','','shop_info',NULL,NULL,NULL,NULL,NULL),
	(11,'qq','1234567','shop_info',NULL,NULL,NULL,NULL,NULL),
	(12,'qq2','1234567','shop_info',NULL,NULL,NULL,NULL,NULL),
	(13,'qq3','1234567','shop_info',NULL,NULL,NULL,NULL,NULL),
	(14,'freight_free','80','shopping',NULL,NULL,NULL,NULL,NULL),
	(15,'point_rate','100','shopping',NULL,NULL,NULL,NULL,NULL),
	(16,'is_mark','0','water',NULL,NULL,NULL,NULL,NULL),
	(17,'mark_txt','','water',NULL,NULL,NULL,NULL,NULL),
	(18,'mark_img','','water',NULL,NULL,NULL,NULL,NULL),
	(19,'mark_width','100','water',NULL,NULL,NULL,NULL,NULL),
	(20,'mark_height','99','water',NULL,NULL,NULL,NULL,NULL),
	(21,'mark_degree','53','water',NULL,NULL,NULL,NULL,NULL),
	(22,'mark_quality','55','water',NULL,NULL,NULL,NULL,NULL),
	(23,'sel','5','water',NULL,NULL,NULL,NULL,NULL),
	(24,'sms_url','https://yunpan.cn/OcRgiKWxZFmjSJ','sms',NULL,NULL,NULL,NULL,NULL),
	(25,'sms_user','','sms',NULL,NULL,NULL,NULL,NULL),
	(26,'sms_pwd','访问密码 080e','sms',NULL,NULL,NULL,NULL,NULL),
	(27,'regis_sms_enable','0','sms',NULL,NULL,NULL,NULL,NULL),
	(28,'sms_time_out','60','sms',NULL,NULL,NULL,NULL,NULL),
	(29,'reg_integral','100','basic',NULL,NULL,NULL,NULL,NULL),
	(30,'file_size','1','basic',NULL,NULL,NULL,NULL,NULL),
	(31,'default_storage','1','basic',NULL,NULL,NULL,NULL,NULL),
	(32,'warning_storage','1','basic',NULL,NULL,NULL,NULL,NULL),
	(33,'tax','','basic',NULL,NULL,NULL,NULL,NULL),
	(34,'is_remind','0','basic',NULL,NULL,NULL,NULL,NULL),
	(35,'order_finish_time','','basic',NULL,NULL,NULL,NULL,NULL),
	(36,'order_cancel_time','','basic',NULL,NULL,NULL,NULL,NULL),
	(37,'hot_keywords','手机|小米|iphone|三星|华为','basic',NULL,NULL,NULL,NULL,NULL),
	(38,'__hash__','8d9fea07e44955760d3407524e469255_6ac8706878aa807db7ffb09dd0b02453','sms',NULL,NULL,NULL,NULL,NULL),
	(39,'__hash__','8d9fea07e44955760d3407524e469255_6ac8706878aa807db7ffb09dd0b02453','sms',NULL,NULL,NULL,NULL,NULL),
	(40,'app_test','0','basic',NULL,NULL,NULL,NULL,NULL),
	(41,'switch','0','distribut',NULL,NULL,NULL,NULL,NULL),
	(42,'condition','0','distribut',NULL,NULL,NULL,NULL,NULL),
	(43,'name','我的分销商','distribut',NULL,NULL,NULL,NULL,NULL),
	(44,'pattern','1','distribut',NULL,NULL,NULL,NULL,NULL),
	(45,'order_rate','20','distribut',NULL,NULL,NULL,NULL,NULL),
	(46,'first_name','我的一级分销','distribut',NULL,NULL,NULL,NULL,NULL),
	(47,'first_rate','60','distribut',NULL,NULL,NULL,NULL,NULL),
	(48,'second_name','我的二级分销','distribut',NULL,NULL,NULL,NULL,NULL),
	(49,'second_rate','25','distribut',NULL,NULL,NULL,NULL,NULL),
	(50,'third_name','我的三级分销','distribut',NULL,NULL,NULL,NULL,NULL),
	(51,'third_rate','15','distribut',NULL,NULL,NULL,NULL,NULL),
	(52,'date','7','distribut',NULL,NULL,NULL,NULL,NULL),
	(53,'need','1000','distribut',NULL,NULL,NULL,NULL,NULL),
	(54,'min','100','distribut',NULL,NULL,NULL,NULL,NULL),
	(55,'auto_confirm_date','14','shopping',NULL,NULL,NULL,NULL,NULL),
	(56,'index1','/Public/upload/logo/2016/11-22/5833f7e4e6dd7.png','basic',NULL,'/Public/upload/logo/2016/11-22/5833f7e4e6dd7.png','/Public/upload/logo/2016/11-22/5833f7fe4c9da.png','/Public/upload/logo/2016/11-22/5833f49812001.png','/Public/upload/logo/2016/11-22/5833f49f20e5d.png'),
	(57,'index2','/Public/upload/logo/2016/11-22/5833f81bb8988.png','basic',NULL,'/Public/upload/logo/2016/11-22/5833f7e4e6dd7.png','/Public/upload/logo/2016/11-22/5833f81bb8988.png','/Public/upload/logo/2016/11-22/5833f8101fa50.png','/Public/upload/logo/2016/11-22/5833f49f20e5d.png'),
	(58,'index3','/Public/upload/logo/2016/11-22/5833f8101fa50.png','basic',NULL,'/Public/upload/logo/2016/11-22/5833f7e4e6dd7.png','/Public/upload/logo/2016/11-22/5833f81bb8988.png','/Public/upload/logo/2016/11-22/5833f8101fa50.png','/Public/upload/logo/2016/11-22/5833f49f20e5d.png'),
	(59,'index4','/Public/upload/logo/2016/11-22/5833f82a23470.png','basic',NULL,'/Public/upload/logo/2016/11-22/5833f7e4e6dd7.png','/Public/upload/logo/2016/11-22/5833f81bb8988.png','/Public/upload/logo/2016/11-22/5833f8101fa50.png','/Public/upload/logo/2016/11-22/5833f82a23470.png'),
	(60,'mark_type','img','water',NULL,NULL,NULL,NULL,NULL),
	(62,'index5','/Public/upload/logo/2016/12-02/584108a4ae305.png','basic',NULL,'/Public/upload/logo/2016/11-22/5833f7e4e6dd7.png','/Public/upload/logo/2016/11-22/5833f81bb8988.png','/Public/upload/logo/2016/11-22/5833f8101fa50.png','/Public/upload/logo/2016/11-22/5833f82a23470.png');

/*!40000 ALTER TABLE `config` ENABLE KEYS */;
UNLOCK TABLES;


# Dump of table system_menu
# ------------------------------------------------------------

DROP TABLE IF EXISTS `system_menu`;

CREATE TABLE `system_menu` (
  `id` smallint(6) unsigned NOT NULL AUTO_INCREMENT,
  `name` varchar(50) DEFAULT NULL COMMENT '权限名字',
  `group` varchar(20) DEFAULT NULL COMMENT '所属分组',
  `right` text COMMENT '权限码(控制器+动作)',
  `is_del` tinyint(1) DEFAULT '0' COMMENT '删除状态 1删除,0正常',
  PRIMARY KEY (`id`)
) ENGINE=InnoDB DEFAULT CHARSET=utf8;

LOCK TABLES `system_menu` WRITE;
/*!40000 ALTER TABLE `system_menu` DISABLE KEYS */;

INSERT INTO `system_menu` (`id`, `name`, `group`, `right`, `is_del`)
VALUES
	(1,'文章管理','content','ArticleController@articleList,ArticleController@article,ArticleController@aticleHandle,AdminController@index',0),
	(2,'文章分类','content','ArticleController@categoryList,ArticleController@category,ArticleController@categoryHandle',0),
	(3,'帮助管理','content','ArticleController@help_list',0),
	(4,'广告管理','content','ArticleController@notice_list',0),
	(5,'网站设置','system','SystemController@index,SystemController@handle',0),
	(6,'权限资源','system','SystemController@right_list,SystemController@edit_right',0),
	(7,'前台导航设置','system','SystemController@navigationList,SystemController@addEditNav,SystemController@delNav',0),
	(8,'管理员管理','system','AdminController@index,AdminController@admin_info,AdminController@adminHandle',0),
	(9,'角色管理','system','AdminController@role,AdminController@role_info,AdminController@roleSave,AdminController@roleDel',0),
	(10,'供应商管理','system','AdminController@supplier,AdminController@supplier_info,AdminController@supplierHandle',0),
	(11,'会员管理','member','UserController@index,UserController@ajaxindex,UserController@detail,UserController@address,UserController@delete',0),
	(12,'会员资金','member','UserController@account_log,UserController@account_edit',0),
	(13,'会员管理','member','UserController@index,UserController@ajaxindex,UserController@detail,UserController@address,UserController@delete,UserController@search_user',0),
	(14,'会员等级','member','UserController@level,UserController@levelList,UserController@levelHandle',0),
	(15,'商品类型','goods','GoodsController@goodsTypeList,GoodsController@addEditGoodsType,GoodsController@delGoodsType',0),
	(16,'商品编辑','goods','GoodsController@addEditGoods,GoodsController@delGoods,GoodsController@del_goods_images',0),
	(17,'商品列表','goods','GoodsController@goodsList,GoodsController@ajaxGoodsList,GoodsController@updateField',0),
	(18,'商品规格','goods','GoodsController@ajaxGetSpecList,GoodsController@delGoodsSpec,GoodsController@addEditSpec,GoodsController@ajaxSpecList,GoodsController@specList,GoodsController@ajaxGetSpecSelect',0),
	(19,'商品分类','goods','GoodsController@categoryList,GoodsController@addEditCategory,GoodsController@delGoodsCategory',0),
	(20,'商品属性','goods','GoodsController@ajaxGetAttrList,GoodsController@goodsAttributeList,GoodsController@ajaxGoodsAttributeList,GoodsController@addEditGoodsAttribute,GoodsController@ajaxGetAttrInput',0),
	(21,'商品品牌','goods','GoodsController@brandList,GoodsController@delBrand,GoodsController@addEditBrand',0),
	(22,'广告列表','content','AdController@adList,AdController@adHandle,AdController@ad,AdController@changeAdField',0),
	(23,'广告位','content','AdController@position,AdController@positionList,AdController@positionHandle',0),
	(24,'团购管理','marketing','PromotionController@group_buy,PromotionController@group_buy_list,PromotionController@groupbuyHandle',0),
	(25,'限时抢购','marketing','PromotionController@flash_sale,PromotionController@flash_sale_info,PromotionController@flash_sale_del',0),
	(26,'促销管理','marketing','PromotionController@prom_goods_list,PromotionController@prom_goods_info,PromotionController@prom_goods_save,PromotionController@prom_goods_del,PromotionController@get_goods,PromotionController@search_goods',0),
	(27,'订单列表','order','OrderController@index,OrderController@ajaxindex,OrderController@detail',0),
	(28,'订单发货','order','OrderController@deliveryHandle,OrderController@delivery_info,OrderController@delivery_list',0),
	(29,'退换货处理','order','OrderController@return_del,OrderController@return_info,OrderController@add_return_goods,OrderController@ajax_return_list',0),
	(30,'拆分订单','order','OrderController@split_order,OrderController@search_goods',0),
	(31,'修改订单','system','OrderController@edit_order,OrderController@search_goods',0),
	(32,'添加订单','order','OrderController@add_order,OrderController@search_goods',0),
	(33,'处理订单','order','OrderController@pay_cancel,OrderController@delete_order,OrderController@order_action,OrderController@editprice,OrderController@order_log',0),
	(34,'导出订单','order','OrderController@export_order',0),
	(35,'打印订单','order','OrderController@order_print,OrderController@shipping_print',0),
	(36,'插件列表','tools','PluginController@index,PluginController@install,PluginController@setting',0),
	(37,'打印设置','tools','PluginController@shipping_list,PluginController@shipping_desc,PluginController@shipping_print,PluginController@edit_shipping_print,PluginController@shipping_list_edit,PluginController@del_area',0),
	(38,'数据备份','tools','ToolsController@index,ToolsController@backup,ToolsController@optimize,ToolsController@repair',0),
	(39,'数据还原','tools','ToolsController@restore,ToolsController@restoreData,ToolsController@restoreUpload,ToolsController@downFile,ToolsController@delSqlFiles',0),
	(40,'地区管理','tools','ToolsController@region,ToolsController@regionHandle',0),
	(41,'公众号设置','marketing','WechatController@index,WechatController@setting,WechatController@get_access_token,WechatController@select_goods',0),
	(42,'文本回复','tools','WechatController@text,WechatController@add_text,WechatController@del_text',0),
	(43,'微信菜单','tools','WechatController@menu,WechatController@del_menu,WechatController@pub_menu',0),
	(44,'图文回复','tools','WechatController@img,WechatController@add_img,WechatController@del_img,WechatController@preview',0),
	(45,'模板管理','system','TemplateController@templateList,TemplateController@changeTemplate',0),
	(46,'销售概况','count','ReportController@index,ReportController@finance,ReportController@user',0),
	(47,'销售排行','count','ReportController@saleTop,ReportController@userTop,ReportController@saleList',0),
	(48,'专题管理','content','TopicController@topic,TopicController@topicList,TopicController@topicHandle',0),
	(49,'操作日志','system','AdminController@log,OrderController@order_log',0),
	(50,'评论咨询','goods','CommentController@index,CommentController@detail,CommentController@ask_list,CommentController@ajax_ask_list,CommentController@del,CommentController@op,CommentController@consult_info,CommentController@ask_handle',0),
	(51,'优惠券','marketing','CouponController@coupon_info,CouponController@index,CouponController@make_coupon,CouponController@ajax_get_user,CouponController@send_coupon,CouponController@send_cancel,CouponController@del_coupon,CouponController@coupon_list,CouponController@coupon_list_del',0),
	(52,'友情链接','content','ArticleController@link,ArticleController@linkList,ArticleController@linkHandle',0),
	(53,'分销管理','marketing','DistributController@set,DistributController@remittance,DistributController@tree,DistributController@rebate_log,DistributController@ajax_lower,DistributController@withdrawals,DistributController@editRebate,DistributController@delWithdrawals,DistributController@editWithdrawals',0),
	(60,'自提点管理','system','PickupController@index,PickupController@ajaxPickupList,PickupController@add,PickupController@edit_address',0),
	(61,'刷新缓存','system','SystemController@cleanCache,SystemController@ClearGoodsHtml,SystemController@ClearGoodsThumb,SystemController@ClearAritcleHtml',0);

/*!40000 ALTER TABLE `system_menu` ENABLE KEYS */;
UNLOCK TABLES;



/*!40111 SET SQL_NOTES=@OLD_SQL_NOTES */;
/*!40101 SET SQL_MODE=@OLD_SQL_MODE */;
/*!40014 SET FOREIGN_KEY_CHECKS=@OLD_FOREIGN_KEY_CHECKS */;
/*!40101 SET CHARACTER_SET_CLIENT=@OLD_CHARACTER_SET_CLIENT */;
/*!40101 SET CHARACTER_SET_RESULTS=@OLD_CHARACTER_SET_RESULTS */;
/*!40101 SET COLLATION_CONNECTION=@OLD_COLLATION_CONNECTION */;
